[{
    "castRadius": 0,
    "castRange": 0,
    "delay": 0,
    "flags": 0,
    "height": 0,
    "icon": "smite_red",
    "name": "s5_summonersmiteduel",
    "projectDestination": false,
    "speed": 0,
    "travelTime": 0,
    "width": 0
}, {
    "castRadius": 0,
    "castRange": 0,
    "delay": 0,
    "flags": 0,
    "height": 0,
    "icon": "smite_blue",
    "name": "s5_summonersmiteplayerganker",
    "projectDestination": false,
    "speed": 0,
    "travelTime": 0,
    "width": 0
}, {
    "castRadius": 0,
    "castRange": 0,
    "delay": 0,
    "flags": 0,
    "height": 0,
    "icon": "summoner_smite",
    "name": "summonersmite",
    "projectDestination": false,
    "speed": 0,
    "travelTime": 0,
    "width": 0
}, {
    "castRadius": 0,
    "castRange": 0,
    "delay": 0,
    "flags": 0,
    "height": 0,
    "icon": "summonerignite",
    "name": "summonerdot",
    "projectDestination": false,
    "speed": 0,
    "travelTime": 0,
    "width": 0
}, {
    "castRadius": 0,
    "castRange": 0,
    "delay": 0,
    "flags": 0,
    "height": 0,
    "icon": "summoner_boost",
    "name": "summonerboost",
    "projectDestination": false,
    "speed": 0,
    "travelTime": 0,
    "width": 0
}, {
    "castRadius": 0,
    "castRange": 0,
    "delay": 0,
    "flags": 0,
    "height": 0,
    "icon": "summoner_teleport",
    "name": "summonerteleport",
    "projectDestination": false,
    "speed": 0,
    "travelTime": 0,
    "width": 0
}, {
    "castRadius": 0,
    "castRange": 0,
    "delay": 0,
    "flags": 0,
    "height": 0,
    "icon": "summoner_flash",
    "name": "summonerflash",
    "projectDestination": false,
    "speed": 0,
    "travelTime": 0,
    "width": 0
}, {
    "castRadius": 0,
    "castRange": 0,
    "delay": 0,
    "flags": 0,
    "height": 0,
    "icon": "summoner_mark",
    "name": "summonersnowball",
    "projectDestination": false,
    "speed": 0,
    "travelTime": 0,
    "width": 0
}, {
    "castRadius": 0,
    "castRange": 0,
    "delay": 0,
    "flags": 0,
    "height": 0,
    "icon": "summonermana",
    "name": "summonermana",
    "projectDestination": false,
    "speed": 0,
    "travelTime": 0,
    "width": 0
}, {
    "castRadius": 0,
    "castRange": 0,
    "delay": 0,
    "flags": 0,
    "height": 0,
    "icon": "summoner_exhaust",
    "name": "summonerexhaust",
    "projectDestination": false,
    "speed": 0,
    "travelTime": 0,
    "width": 0
}, {
    "castRadius": 0,
    "castRange": 0,
    "delay": 0,
    "flags": 0,
    "height": 0,
    "icon": "summonerbarrier",
    "name": "summonerbarrier",
    "projectDestination": false,
    "speed": 0,
    "travelTime": 0,
    "width": 0
}, {
    "castRadius": 0,
    "castRange": 0,
    "delay": 0,
    "flags": 0,
    "height": 0,
    "icon": "summoner_heal",
    "name": "summonerheal",
    "projectDestination": false,
    "speed": 0,
    "travelTime": 0,
    "width": 0
}, {
    "castRadius": 0,
    "castRange": 0,
    "delay": 0,
    "flags": 0,
    "height": 0,
    "icon": "summoner_haste",
    "name": "summonerhaste",
    "projectDestination": false,
    "speed": 0,
    "travelTime": 0,
    "width": 0
}]